What the Complete Experimental Design Matrix Contains,,,,,
,,,,,
Item,Description,,,,
Independent variables,Temperature and relative humidity used for each experimental condition.,,,,
Water activity,"Aw = RH/100, the variable entered into the cubic regression equation.",,,,
Replicate identifier,Identifies each of the three independent observations at a given T–RH condition.,,,,
Observed response,Measured 12 h water uptake for each replicate.,,,,
Condition mean and SD,Summary statistics for the three replicates at each of the 35 conditions.,,,,
Predicted response,Water uptake calculated from the fitted cubic response-surface equation.,,,,
Residual,Observed response minus model-predicted response.,,,,
Dataset size,5 temperatures × 7 RH levels × 3 replicates = 105 observations.,,,,
