Experimental Design Matrix for Cubic RSM,,,,,,,
,,,,,,,
Temperature (°C),RH (%),Water activity (Aw),Replicate,Observed WU (g/g),Condition mean WU (g/g),Predicted WU (g/g),Residual
17,0,0.00,1,0.018000,0.025000,0.036896,-0.018896
17,0,0.00,2,0.037000,0.025000,0.036896,0.000104
17,0,0.00,3,0.020000,0.025000,0.036896,-0.016896
17,10,0.10,1,0.124000,0.124667,0.082230,0.041770
17,10,0.10,2,0.123000,0.124667,0.082230,0.040770
17,10,0.10,3,0.127000,0.124667,0.082230,0.044770
17,25,0.25,1,0.240000,0.244000,0.187097,0.052903
17,25,0.25,2,0.243000,0.244000,0.187097,0.055903
17,25,0.25,3,0.249000,0.244000,0.187097,0.061903
17,40,0.40,1,0.349000,0.352333,0.321474,0.027526
17,40,0.40,2,0.353000,0.352333,0.321474,0.031526
17,40,0.40,3,0.355000,0.352333,0.321474,0.033526
17,50,0.50,1,0.411000,0.412333,0.419269,-0.008269
17,50,0.50,2,0.408000,0.412333,0.419269,-0.011269
17,50,0.50,3,0.418000,0.412333,0.419269,-0.001269
17,60,0.60,1,0.496000,0.495333,0.517904,-0.021904
17,60,0.60,2,0.491000,0.495333,0.517904,-0.026904
17,60,0.60,3,0.499000,0.495333,0.517904,-0.018904
17,70,0.70,1,0.528000,0.527333,0.612470,-0.084470
17,70,0.70,2,0.520000,0.527333,0.612470,-0.092470
17,70,0.70,3,0.534000,0.527333,0.612470,-0.078470
23,0,0.00,1,0.012000,0.024667,0.065862,-0.053862
23,0,0.00,2,0.028000,0.024667,0.065862,-0.037862
23,0,0.00,3,0.034000,0.024667,0.065862,-0.031862
23,10,0.10,1,0.151000,0.150333,0.176782,-0.025782
23,10,0.10,2,0.148000,0.150333,0.176782,-0.028782
23,10,0.10,3,0.152000,0.150333,0.176782,-0.024782
23,25,0.25,1,0.332000,0.333667,0.382361,-0.050361
23,25,0.25,2,0.330000,0.333667,0.382361,-0.052361
23,25,0.25,3,0.339000,0.333667,0.382361,-0.043361
23,40,0.40,1,0.551000,0.552667,0.620249,-0.069249
23,40,0.40,2,0.557000,0.552667,0.620249,-0.063249
23,40,0.40,3,0.550000,0.552667,0.620249,-0.070249
23,50,0.50,1,0.804000,0.809667,0.788607,0.015393
23,50,0.50,2,0.817000,0.809667,0.788607,0.028393
23,50,0.50,3,0.808000,0.809667,0.788607,0.019393
23,60,0.60,1,0.984000,0.988667,0.959050,0.024950
23,60,0.60,2,0.987000,0.988667,0.959050,0.027950
23,60,0.60,3,0.995000,0.988667,0.959050,0.035950
23,70,0.70,1,1.242000,1.249333,1.126666,0.115334
23,70,0.70,2,1.249000,1.249333,1.126666,0.122334
23,70,0.70,3,1.257000,1.249333,1.126666,0.130334
30,0,0.00,1,0.017000,0.022333,0.014374,0.002626
30,0,0.00,2,0.019000,0.022333,0.014374,0.004626
30,0,0.00,3,0.031000,0.022333,0.014374,0.016626
30,10,0.10,1,0.208000,0.208333,0.161371,0.046629
30,10,0.10,2,0.203000,0.208333,0.161371,0.041629
30,10,0.10,3,0.214000,0.208333,0.161371,0.052629
30,25,0.25,1,0.384000,0.383667,0.423788,-0.039788
30,25,0.25,2,0.380000,0.383667,0.423788,-0.043788
30,25,0.25,3,0.387000,0.383667,0.423788,-0.036788
30,40,0.40,1,0.632000,0.634000,0.721780,-0.089780
30,40,0.40,2,0.638000,0.634000,0.721780,-0.083780
30,40,0.40,3,0.632000,0.634000,0.721780,-0.089780
30,50,0.50,1,1.013000,1.024667,0.932021,0.080979
30,50,0.50,2,1.040000,1.024667,0.932021,0.107979
30,50,0.50,3,1.021000,1.024667,0.932021,0.088979
30,60,0.60,1,1.153000,1.156000,1.145799,0.007201
30,60,0.60,2,1.165000,1.156000,1.145799,0.019201
30,60,0.60,3,1.150000,1.156000,1.145799,0.004201
30,70,0.70,1,1.332000,1.338000,1.358202,-0.026202
30,70,0.70,2,1.345000,1.338000,1.358202,-0.013202
30,70,0.70,3,1.337000,1.338000,1.358202,-0.021202
45,0,0.00,1,0.041000,0.030000,-0.030483,0.071483
45,0,0.00,2,0.027000,0.030000,-0.030483,0.057483
45,0,0.00,3,0.022000,0.030000,-0.030483,0.052483
45,10,0.10,1,0.102000,0.103000,0.047173,0.054827
45,10,0.10,2,0.100000,0.103000,0.047173,0.052827
45,10,0.10,3,0.107000,0.103000,0.047173,0.059827
45,25,0.25,1,0.261000,0.262667,0.211410,0.049590
45,25,0.25,2,0.269000,0.262667,0.211410,0.057590
45,25,0.25,3,0.258000,0.262667,0.211410,0.046590
45,40,0.40,1,0.322000,0.323000,0.418221,-0.096221
45,40,0.40,2,0.327000,0.323000,0.418221,-0.091221
45,40,0.40,3,0.320000,0.323000,0.418221,-0.098221
45,50,0.50,1,0.597000,0.596667,0.571563,0.025437
45,50,0.50,2,0.607000,0.596667,0.571563,0.035437
45,50,0.50,3,0.586000,0.596667,0.571563,0.014437
45,60,0.60,1,0.734000,0.735000,0.731552,0.002448
45,60,0.60,2,0.730000,0.735000,0.731552,-0.001552
45,60,0.60,3,0.741000,0.735000,0.731552,0.009448
45,70,0.70,1,0.780000,0.786667,0.893276,-0.113276
45,70,0.70,2,0.787000,0.786667,0.893276,-0.106276
45,70,0.70,3,0.793000,0.786667,0.893276,-0.100276
50,0,0.00,1,0.021000,0.020333,0.083908,-0.062908
50,0,0.00,2,0.015000,0.020333,0.083908,-0.068908
50,0,0.00,3,0.025000,0.020333,0.083908,-0.058908
50,10,0.10,1,0.053000,0.053333,0.094011,-0.041011
50,10,0.10,2,0.050000,0.053333,0.094011,-0.044011
50,10,0.10,3,0.057000,0.053333,0.094011,-0.037011
50,25,0.25,1,0.189000,0.192667,0.158863,0.030137
50,25,0.25,2,0.197000,0.192667,0.158863,0.038137
50,25,0.25,3,0.192000,0.192667,0.158863,0.033137
50,40,0.40,1,0.269000,0.265333,0.268621,0.000379
50,40,0.40,2,0.262000,0.265333,0.268621,-0.006621
50,40,0.40,3,0.265000,0.265333,0.268621,-0.003621
50,50,0.50,1,0.313000,0.318333,0.358557,-0.045557
50,50,0.50,2,0.318000,0.318333,0.358557,-0.040557
50,50,0.50,3,0.324000,0.318333,0.358557,-0.034557
50,60,0.60,1,0.551000,0.551000,0.456177,0.094823
50,60,0.60,2,0.558000,0.551000,0.456177,0.101823
50,60,0.60,3,0.544000,0.551000,0.456177,0.087823
50,70,0.70,1,0.572000,0.578667,0.556569,0.015431
50,70,0.70,2,0.587000,0.578667,0.556569,0.030431
50,70,0.70,3,0.577000,0.578667,0.556569,0.020431
